Period Number,Time To Adapt
1,11.29830427
2,9.504238386
3,10.87126651